{
  "main.go": 1782622318.673388,
  "tui/model.go": 1782631276.8245304,
  "tui/components/tabs.go": 1782625991.3321197,
  "tui/components/match_detail.go": 1782631095.0997505,
  "tui/components/sidebar.go": 1782510789.5537999,
  "tui/components/leaguelist.go": 1782627665.0565581,
  "tui/components/center.go": 1782510787.4656265,
  "tui/components/calendar.go": 1782514868.576,
  "internal/providers/provider.go": 1782627478.6834853,
  "internal/providers/fotmob/provider.go": 1782631068.1965318,
  "internal/providers/espn/provider.go": 1782627583.4810042,
  "internal/persistence/sqlite/mapping.go": 1782627515.248601,
  "internal/enrich/enricher.go": 1782627507.1270795,
  "internal/domain/models.go": 1782631062.7193341,
  "internal/domain/ids.go": 1782627460.951661,
  "internal/services/match.go": 1782627611.5510964,
  "internal/resolver/resolver.go": 1782627493.940796,
  "ipapi/client.go": 1782628014.0823388,
  "fotmob/service.go": 1782619326.8388693,
  "fotmob/types.go": 1782631059.213202,
  "fotmob/client.go": 1782619321.783593,
  "fotmob/leagues.go": 1782623995.8389838,
  "espn/service.go": 1782623481.9793813,
  "espn/types.go": 1782624924.2904606,
  "espn/cache.go": 1782623472.562971,
  "espn/lookup.go": 1782626755.2750225,
  "espn/client.go": 1782624637.7665136,
  "espn/mapping.go": 1782626811.778597,
  "ESPN_API_COMPLETE.md": 1782622996.0480962,
  "README.md": 1782508521.237114
}